<?xml version="1.0" encoding="GBK"?>
<beans xmlns="http://www.springframework.org/schema/beans"
       xmlns:xsi="http://www.w3.org/2001/XMLSchema-instance"
       xmlns:context="http://www.springframework.org/schema/context"
       xmlns:mvc="http://www.springframework.org/schema/mvc"
       xsi:schemaLocation="http://www.springframework.org/schema/beans
       http://www.springframework.org/schema/beans/spring-beans.xsd
       http://www.springframework.org/schema/context
       http://www.springframework.org/schema/context/spring-context.xsd
       http://www.springframework.org/schema/mvc
       http://www.springframework.org/schema/mvc/spring-mvc.xsd">

    <bean name="/hello.do" class="com.tuling.control.SimpleControl"/>
    <bean name="simpleControl" class="com.tuling.control.SimpleControl"/>
    <bean name="/hello2.do" class="com.tuling.control.SimpleServlet"/>
    <bean name="myView" class="com.tuling.control.MyView"/>
    <bean class="org.springframework.web.servlet.handler.SimpleUrlHandlerMapping">
        <property name="urlMap">
            <props>
                <prop key="/hello.do">simpleControl</prop>
            </props>
        </property>
    </bean>
    <bean class="org.springframework.web.servlet.handler.BeanNameUrlHandlerMapping"/>
    <bean class="org.springframework.web.servlet.handler.SimpleServletHandlerAdapter"/>
    <bean class="org.springframework.web.servlet.mvc.SimpleControllerHandlerAdapter"/>

    <bean class="org.springframework.web.servlet.view.BeanNameViewResolver">
    </bean>

    <bean class="org.springframework.web.servlet.view.InternalResourceViewResolver">
        <property name="prefix" value="/WEB-INF/page/"/>
        <property name="suffix" value=".jsp"/>
        <property name="viewClass" value="org.springframework.web.servlet.view.InternalResourceView"/>
    </bean>

    <!--<bean class="com.tuling.control.SimpleExceptionHandle"/>-->

    <bean class="org.springframework.web.servlet.handler.SimpleMappingExceptionResolver">
        <property name="defaultErrorView" value="error"/>
        <property name="defaultStatusCode" value="500"/>
        <property name="exceptionMappings">
            <map>
                <entry key="java.lang.RuntimeException" value="error"/>
                <entry key="java.lang.IllegalArgumentException" value="argumentError"/>
            </map>
        </property>
    </bean>


    <mvc:interceptors>
        <mvc:interceptor>
            <mvc:mapping path="/**"/>
            <bean class="com.tuling.control.SimpleHandlerInterceptor"/>
        </mvc:interceptor>
    </mvc:interceptors>
</beans>