<?xml version="1.0" encoding="UTF-8"?>
<beans xmlns="http://www.springframework.org/schema/beans"
       xmlns:xsi="http://www.w3.org/2001/XMLSchema-instance"
       xmlns:dubbo="http://dubbo.apache.org/schema/dubbo"
       xsi:schemaLocation="http://www.springframework.org/schema/beans http://www.springframework.org/schema/beans/spring-beans.xsd
       http://dubbo.apache.org/schema/dubbo http://dubbo.apache.org/schema/dubbo/dubbo.xsd">
    <dubbo:application name="young-app"/>
    <dubbo:registry address="multicast://224.1.1.1:3333"/>
    <!-- check 是否要检查注册中心可用 默认true-->
    <dubbo:protocol name="dubbo" port="-1"/>
    <dubbo:service interface="com.tuling.client.UserService" ref="userService"
                   timeout="4000">
        <dubbo:method name="getUser" timeout="2000"/>
    </dubbo:service>

    <bean id="userService" class="com.tuling.dubbo.UserServiceImpl"></bean>
</beans>
