<configuration>
    <!-- 应用名称 -->
    <property name="APP_NAME" value="tlrocket-mq" />
    <!--日志文件的保存路径,首先查找系统属性-Dlog.dir,如果存在就使用其；否则，在当前目录下创建名为logs目录做日志存放的目录 -->
    <property name="LOG_HOME" value="${log.dir:-logs}/${APP_NAME}" />
    <!-- 日志输出格式 -->
    <property name="ENCODER_PATTERN"
              value="%d{yyyy-MM-dd  HH:mm:ss.SSS} [%thread] %-5level %logger{80} - %msg%n" />
    <contextName>${APP_NAME}</contextName>

    <appender name="STDOUT" class="ch.qos.logback.core.ConsoleAppender">
        <encoder>
            <pattern>${ENCODER_PATTERN}</pattern>
        </encoder>
    </appender>

    <!-- 文件日志：输出全部日志到文件 -->
    <appender name="FILE"
              class="ch.qos.logback.core.rolling.RollingFileAppender">
        <rollingPolicy class="ch.qos.logback.core.rolling.TimeBasedRollingPolicy">
            <fileNamePattern>${LOG_HOME}/output.%d{yyyy-MM-dd}.log</fileNamePattern>
            <maxHistory>7</maxHistory>
        </rollingPolicy>
        <encoder class="ch.qos.logback.classic.encoder.PatternLayoutEncoder">
            <pattern>${ENCODER_PATTERN}</pattern>
        </encoder>
    </appender>

    <!-- 错误日志：用于将错误日志输出到独立文件 -->
    <appender name="ERROR_FILE"
              class="ch.qos.logback.core.rolling.RollingFileAppender">
        <rollingPolicy class="ch.qos.logback.core.rolling.TimeBasedRollingPolicy">
            <fileNamePattern>${LOG_HOME}/error.%d{yyyy-MM-dd}.log</fileNamePattern>
            <maxHistory>7</maxHistory>
        </rollingPolicy>
        <encoder class="ch.qos.logback.classic.encoder.PatternLayoutEncoder">
            <pattern>${ENCODER_PATTERN}</pattern>
        </encoder>
        <filter class="ch.qos.logback.classic.filter.ThresholdFilter">
            <level>WARN</level>
        </filter>
    </appender>

    <!-- 独立输出的同步日志 -->
    <appender name="SYNC_FILE"  class="ch.qos.logback.core.rolling.RollingFileAppender">
        <rollingPolicy class="ch.qos.logback.core.rolling.TimeBasedRollingPolicy">
            <fileNamePattern>${LOG_HOME}/sync.%d{yyyy-MM-dd}.log</fileNamePattern>
            <maxHistory>7</maxHistory>
        </rollingPolicy>
        <encoder class="ch.qos.logback.classic.encoder.PatternLayoutEncoder">
            <pattern>${ENCODER_PATTERN}</pattern>
        </encoder>
    </appender>

    <logger name="tlrocket-mq" level="ERROR" addtivity="true">
        <appender-ref ref="SYNC_FILE" />
    </logger>

    <root level="ERROR">
        <appender-ref ref="STDOUT" />
        <appender-ref ref="FILE" />
        <appender-ref ref="ERROR_FILE" />
    </root>
</configuration>