<?xml version="1.0" encoding="UTF-8"?>
<!DOCTYPE generatorConfiguration
        PUBLIC "-//mybatis.org//DTD MyBatis Generator Configuration 1.0//EN"
        "http://mybatis.org/dtd/mybatis-generator-config_1_0.dtd">

<generatorConfiguration>
    <properties resource="generator.properties"/>
    <context id="MySqlContext" targetRuntime="MyBatis3" defaultModelType="flat">
        <property name="beginningDelimiter" value="`"/>
        <property name="endingDelimiter" value="`"/>
        <property name="javaFileEncoding" value="UTF-8"/>
        <!-- 为模型生成序列化方法-->
        <plugin type="org.mybatis.generator.plugins.SerializablePlugin"/>
        <!-- 为生成的Java模型创建一个toString方法 -->
        <plugin type="org.mybatis.generator.plugins.ToStringPlugin"/>
        <!--生成mapper.xml时覆盖原文件-->
        <plugin type="org.mybatis.generator.plugins.UnmergeableXmlMappersPlugin" />
        <commentGenerator type="com.macro.mall.CommentGenerator">
            <!-- 是否去除自动生成的注释 true：是 ： false:否 -->
            <property name="suppressAllComments" value="true"/>
            <property name="suppressDate" value="true"/>
            <property name="addRemarkComments" value="true"/>
        </commentGenerator>

        <jdbcConnection driverClass="${jdbc.driverClass}"
                        connectionURL="${jdbc.connectionURL}"
                        userId="${jdbc.userId}"
                        password="${jdbc.password}">
            <!--解决mysql驱动升级到8.0后不生成指定数据库代码的问题-->
            <property name="nullCatalogMeansCurrent" value="true" />
        </jdbcConnection>

        <javaModelGenerator targetPackage="com.macro.mall.domain" targetProject="mall-order\src\main\java"/>

        <sqlMapGenerator targetPackage="com.macro.mall.mapper" targetProject="mall-order\src\main\resources"/>

        <javaClientGenerator type="XMLMAPPER" targetPackage="com.macro.mall.mapper"
                             targetProject="mall-order\src\main\java"/>
        <!--生成全部表tableName设为%,指定前缀ums_%-->
        <table tableName="oms_order_item" enableCountByExample="true" enableUpdateByExample="true"
               enableDeleteByExample="true" enableSelectByExample="true"
               selectByExampleQueryId="true">
            <!-- generatedKey用于生成生成主键的方法，
            如果设置了该元素，MBG会在生成的<insert>元素中生成一条正确的<selectKey>元素，该元素可选
            column:主键的列名；
            sqlStatement：要生成的selectKey语句，有以下可选项：
                Cloudscape:相当于selectKey的SQL为： VALUES IDENTITY_VAL_LOCAL()
                DB2       :相当于selectKey的SQL为： VALUES IDENTITY_VAL_LOCAL()
                DB2_MF    :相当于selectKey的SQL为：SELECT IDENTITY_VAL_LOCAL() FROM SYSIBM.SYSDUMMY1
                Derby     :相当于selectKey的SQL为：VALUES IDENTITY_VAL_LOCAL()
                HSQLDB    :相当于selectKey的SQL为：CALL IDENTITY()
                Informix  :相当于selectKey的SQL为：select dbinfo('sqlca.sqlerrd1') from systables where tabid=1
                MySql     :相当于selectKey的SQL为：SELECT LAST_INSERT_ID()
                SqlServer :相当于selectKey的SQL为：SELECT SCOPE_IDENTITY()
                SYBASE    :相当于selectKey的SQL为：SELECT @@IDENTITY
                JDBC      :相当于在生成的insert元素上添加useGeneratedKeys="true"和keyProperty属性
            -->
            <generatedKey column="id" sqlStatement="MySql" identity="true"/>
        </table>
    </context>
</generatorConfiguration>