<?xml version="1.0" encoding="UTF-8" ?>
<!DOCTYPE configuration
        PUBLIC "-//mybatis.org//DTD Config 3.0//EN"
        "http://mybatis.org/dtd/mybatis-3-config.dtd">
<configuration>

    <typeAliases>
        <typeAlias type="com.jiagouedu.mybatis.pojo.User" alias="user"></typeAlias>
    </typeAliases>
    <plugins>
        <!--监控 sql 埋点 分页-->
        <plugin interceptor="com.jiagouedu.mybatis.plugin.SqlPrintInterceptor"></plugin>
    </plugins>
    <environments default="development">
        <environment id="development">
            <transactionManager type="JDBC"/>
            <dataSource type="POOLED">
                <property name="driver" value="com.mysql.jdbc.Driver"/>
                <property name="url" value="jdbc:mysql://localhost:3306/tl-vip"/>
                <property name="username" value="root"/>
                <property name="password" value="root"/>
            </dataSource>
        </environment>
    </environments>

    <mappers>
       <!-- <mapper resource="mybatis/UserMapper.xml"/>-->
       <!-- <mapper class="com.jiagouedu.mybatis.mapper.UserMapper"></mapper>-->
       <!-- <package name="com.jiagouedu.mybatis.mapper"></package>-->
       <!-- <mapper class="com.jiagouedu.mapper.UserMapper"></mapper>-->
        <package name="com.jiagouedu.mybatis.mapper"></package>
    </mappers>
</configuration>