<?xml version="1.0" encoding="UTF-8"?>
<beans xmlns="http://www.springframework.org/schema/beans"
       xmlns:xsi="http://www.w3.org/2001/XMLSchema-instance" xmlns:util="http://www.springframework.org/schema/util"
       xmlns:context="http://www.springframework.org/schema/context"
       xmlns:elasticsearch="http://www.pilato.fr/schema/elasticsearch"
       xsi:schemaLocation="http://www.springframework.org/schema/beans http://www.springframework.org/schema/beans/spring-beans-3.0.xsd
        http://www.springframework.org/schema/util http://www.springframework.org/schema/util/spring-util-3.0.xsd
        http://www.pilato.fr/schema/elasticsearch http://www.pilato.fr/schema/elasticsearch/elasticsearch-0.3.xsd
        http://www.springframework.org/schema/context
         http://www.springframework.org/schema/context/spring-context-3.1.xsd">

    <util:map id="esproperties">
        <entry key="cluster.name" value="${elasticsearch.cluster.name}" />
        <!-- <entry key="threadpool.index.queue_size" value="200"/>
          <entry key="threadpool.index.queue_size" value="200"/>
        <entry key="threadpool.generic.queue_size" value="200"/>
        <entry key="threadpool.bulk.queue_size" value="200"/> -->
    </util:map>

    <elasticsearch:client id="esClient" properties="esproperties"
                          esNodes="${elasticsearch.esNodes}"     />

    <bean name="elasticsearchTemplate"
          class="org.springframework.data.elasticsearch.core.ElasticsearchTemplate">
        <constructor-arg name="client" ref="esClient" />
    </bean>

</beans>